game_id,home_spread,total,source,fetched_at,run_at
401871051,3.0,49.5,The Odds API · median of 9 US books,2026-10-07T15:10:09Z,2026-10-07T15:10:02Z
401871066,-6.5,46.5,The Odds API · median of 9 US books,2026-10-07T15:10:09Z,2026-10-07T15:10:02Z
401870766,-13.5,52.5,The Odds API · median of 9 US books,2026-10-07T15:10:09Z,2026-10-07T15:10:02Z
401871052,-2.5,56.5,The Odds API · median of 9 US books,2026-10-07T15:10:09Z,2026-10-07T15:10:02Z
401869933,-1.5,58.5,The Odds API · median of 9 US books,2026-10-07T15:10:09Z,2026-10-07T15:10:02Z
401858254,-3.5,59.5,The Odds API · median of 9 US books,2026-10-07T15:10:09Z,2026-10-07T15:10:02Z
401858487,-3.5,41.5,The Odds API · median of 9 US books,2026-10-07T15:10:09Z,2026-10-07T15:10:02Z
401864519,-6.5,43.0,The Odds API · median of 9 US books,2026-10-07T15:10:09Z,2026-10-07T15:10:02Z
401860922,-5.5,44.0,The Odds API · median of 9 US books,2026-10-07T15:10:09Z,2026-10-07T15:10:02Z
401856826,-10.5,46.5,The Odds API · median of 9 US books,2026-10-07T15:10:09Z,2026-10-07T15:10:02Z
401856823,3.0,61.5,The Odds API · median of 9 US books,2026-10-07T15:10:09Z,2026-10-07T15:10:02Z
401862795,-3.0,48.0,The Odds API · median of 9 US books,2026-10-07T15:10:09Z,2026-10-07T15:10:02Z
401866436,-7.5,44.5,The Odds API · median of 9 US books,2026-10-07T15:10:09Z,2026-10-07T15:10:02Z
401858481,7.5,49.5,The Odds API · median of 9 US books,2026-10-07T15:10:09Z,2026-10-07T15:10:02Z
401856716,-3.5,48.5,The Odds API · median of 9 US books,2026-10-07T15:10:09Z,2026-10-07T15:10:02Z
401858260,3.5,59.5,The Odds API · median of 9 US books,2026-10-07T15:10:09Z,2026-10-07T15:10:02Z
401858256,-3.5,47.0,The Odds API · median of 9 US books,2026-10-07T15:10:09Z,2026-10-07T15:10:02Z
401856824,-10.5,53.0,The Odds API · median of 9 US books,2026-10-07T15:10:09Z,2026-10-07T15:10:02Z
401858482,-37.0,52.5,The Odds API · median of 8 US books,2026-10-07T15:10:09Z,2026-10-07T15:10:02Z
401856714,-12.0,61.0,The Odds API · median of 9 US books,2026-10-07T15:10:09Z,2026-10-07T15:10:02Z
401869843,-9.5,50.0,The Odds API · median of 9 US books,2026-10-07T15:10:09Z,2026-10-07T15:10:02Z
401866440,2.5,47.5,The Odds API · median of 8 US books,2026-10-07T15:10:09Z,2026-10-07T15:10:02Z
401866435,7.0,52.0,The Odds API · median of 9 US books,2026-10-07T15:10:09Z,2026-10-07T15:10:02Z
401866437,-21.0,54.5,The Odds API · median of 9 US books,2026-10-07T15:10:09Z,2026-10-07T15:10:02Z
401858259,9.5,53.5,The Odds API · median of 9 US books,2026-10-07T15:10:09Z,2026-10-07T15:10:02Z
401866438,-3.0,46.5,The Odds API · median of 9 US books,2026-10-07T15:10:09Z,2026-10-07T15:10:02Z
401862796,-28.5,57.5,The Odds API · median of 9 US books,2026-10-07T15:10:09Z,2026-10-07T15:10:02Z
401858255,6.5,46.0,The Odds API · median of 9 US books,2026-10-07T15:10:09Z,2026-10-07T15:10:02Z
401856825,-2.5,55.5,The Odds API · median of 9 US books,2026-10-07T15:10:09Z,2026-10-07T15:10:02Z
401858480,2.5,48.0,The Odds API · median of 9 US books,2026-10-07T15:10:09Z,2026-10-07T15:10:02Z
401866439,-13.5,43.5,The Odds API · median of 9 US books,2026-10-07T15:10:09Z,2026-10-07T15:10:02Z
401862799,-2.5,48.5,The Odds API · median of 9 US books,2026-10-07T15:10:09Z,2026-10-07T15:10:02Z
401858257,-38.5,54.5,The Odds API · median of 8 US books,2026-10-07T15:10:09Z,2026-10-07T15:10:02Z
401856717,7.5,39.5,The Odds API · median of 9 US books,2026-10-07T15:10:09Z,2026-10-07T15:10:02Z
401856718,10.0,58.0,The Odds API · median of 8 US books,2026-10-07T15:10:09Z,2026-10-07T15:10:02Z
401858484,-11.5,58.0,The Odds API · median of 9 US books,2026-10-07T15:10:09Z,2026-10-07T15:10:02Z
401861964,-3.5,54.5,The Odds API · median of 9 US books,2026-10-07T15:10:09Z,2026-10-07T15:10:02Z
401862797,-10.0,47.5,The Odds API · median of 9 US books,2026-10-07T15:10:09Z,2026-10-07T15:10:02Z
401856713,13.5,51.0,The Odds API · median of 9 US books,2026-10-07T15:10:09Z,2026-10-07T15:10:02Z
401858483,-34.5,56.5,The Odds API · median of 8 US books,2026-10-07T15:10:09Z,2026-10-07T15:10:02Z
401860902,-14.5,53.5,The Odds API · median of 9 US books,2026-10-07T15:10:09Z,2026-10-07T15:10:02Z
401869943,-3.0,58.5,The Odds API · median of 9 US books,2026-10-07T15:10:09Z,2026-10-07T15:10:02Z
401856715,8.5,52.5,The Odds API · median of 9 US books,2026-10-07T15:10:09Z,2026-10-07T15:10:02Z
401862798,-14.0,55.0,The Odds API · median of 9 US books,2026-10-07T15:10:09Z,2026-10-07T15:10:02Z
401864517,9.5,49.5,The Odds API · median of 9 US books,2026-10-07T15:10:09Z,2026-10-07T15:10:02Z
401864518,3.0,47.5,The Odds API · median of 9 US books,2026-10-07T15:10:09Z,2026-10-07T15:10:02Z
401864516,7.5,46.5,The Odds API · median of 9 US books,2026-10-07T15:10:09Z,2026-10-07T15:10:02Z
401856712,-1.5,52.5,The Odds API · median of 9 US books,2026-10-07T15:10:09Z,2026-10-07T15:10:02Z
401869949,7.5,53.5,The Odds API · median of 9 US books,2026-10-07T15:10:09Z,2026-10-07T15:10:02Z
401869965,-2.5,47.5,The Odds API · median of 9 US books,2026-10-07T15:10:09Z,2026-10-07T15:10:02Z
401858485,-1.5,54.5,The Odds API · median of 9 US books,2026-10-07T15:10:09Z,2026-10-07T15:10:02Z
401858258,-9.5,50.0,The Odds API · median of 9 US books,2026-10-07T15:10:09Z,2026-10-07T15:10:02Z
401858486,2.5,50.5,The Odds API · median of 9 US books,2026-10-07T15:10:09Z,2026-10-07T15:10:02Z
401856827,-15.5,51.5,The Odds API · median of 8 US books,2026-10-07T15:10:09Z,2026-10-07T15:10:02Z
401856808,-20.5,50.0,The Odds API · median of 9 US books,2026-10-07T15:10:09Z,2026-10-07T15:10:02Z
401860901,6.5,48.5,The Odds API · median of 9 US books,2026-10-07T15:10:09Z,2026-10-07T15:10:02Z
401862794,-7.0,49.5,ESPN (DraftKings),2026-10-07T15:10:09Z,2026-10-07T15:10:02Z
401856823,3.0,61.5,The Odds API · median of 9 US books,2026-10-07T20:45:24Z,2026-10-07T20:45:19Z
401862795,-3.0,48.0,The Odds API · median of 9 US books,2026-10-07T20:45:24Z,2026-10-07T20:45:19Z
401866436,-7.5,44.5,The Odds API · median of 9 US books,2026-10-07T20:45:24Z,2026-10-07T20:45:19Z
401858481,7.5,49.0,The Odds API · median of 9 US books,2026-10-07T20:45:24Z,2026-10-07T20:45:19Z
401856716,-3.5,48.5,The Odds API · median of 9 US books,2026-10-07T20:45:24Z,2026-10-07T20:45:19Z
401858260,3.5,59.5,The Odds API · median of 9 US books,2026-10-07T20:45:24Z,2026-10-07T20:45:19Z
401858256,-3.5,47.0,The Odds API · median of 9 US books,2026-10-07T20:45:24Z,2026-10-07T20:45:19Z
401856824,-10.5,53.5,The Odds API · median of 9 US books,2026-10-07T20:45:24Z,2026-10-07T20:45:19Z
401858482,-37.0,52.5,The Odds API · median of 8 US books,2026-10-07T20:45:24Z,2026-10-07T20:45:19Z
401856714,-12.0,60.5,The Odds API · median of 9 US books,2026-10-07T20:45:24Z,2026-10-07T20:45:19Z
401869843,-9.5,49.5,The Odds API · median of 9 US books,2026-10-07T20:45:24Z,2026-10-07T20:45:19Z
401866440,2.5,47.5,The Odds API · median of 8 US books,2026-10-07T20:45:24Z,2026-10-07T20:45:19Z
401866435,7.0,52.0,The Odds API · median of 9 US books,2026-10-07T20:45:24Z,2026-10-07T20:45:19Z
401866437,-21.0,54.5,The Odds API · median of 9 US books,2026-10-07T20:45:24Z,2026-10-07T20:45:19Z
401858259,9.5,53.5,The Odds API · median of 9 US books,2026-10-07T20:45:24Z,2026-10-07T20:45:19Z
401866438,-3.0,46.5,The Odds API · median of 9 US books,2026-10-07T20:45:24Z,2026-10-07T20:45:19Z
401862796,-28.5,57.5,The Odds API · median of 9 US books,2026-10-07T20:45:24Z,2026-10-07T20:45:19Z
401858255,6.5,44.5,The Odds API · median of 9 US books,2026-10-07T20:45:24Z,2026-10-07T20:45:19Z
401856825,-2.5,55.5,The Odds API · median of 9 US books,2026-10-07T20:45:24Z,2026-10-07T20:45:19Z
401858480,2.5,48.0,The Odds API · median of 9 US books,2026-10-07T20:45:24Z,2026-10-07T20:45:19Z
401866439,-13.5,43.5,The Odds API · median of 9 US books,2026-10-07T20:45:24Z,2026-10-07T20:45:19Z
401862799,-2.5,48.5,The Odds API · median of 9 US books,2026-10-07T20:45:24Z,2026-10-07T20:45:19Z
401858257,-38.5,54.5,The Odds API · median of 8 US books,2026-10-07T20:45:24Z,2026-10-07T20:45:19Z
401856717,7.5,39.5,The Odds API · median of 9 US books,2026-10-07T20:45:24Z,2026-10-07T20:45:19Z
401856718,10.0,57.0,The Odds API · median of 8 US books,2026-10-07T20:45:24Z,2026-10-07T20:45:19Z
401858484,-11.5,58.5,The Odds API · median of 8 US books,2026-10-07T20:45:24Z,2026-10-07T20:45:19Z
401861964,-3.5,54.5,The Odds API · median of 9 US books,2026-10-07T20:45:24Z,2026-10-07T20:45:19Z
401862797,-10.0,47.5,The Odds API · median of 9 US books,2026-10-07T20:45:24Z,2026-10-07T20:45:19Z
401856713,13.5,51.0,The Odds API · median of 9 US books,2026-10-07T20:45:24Z,2026-10-07T20:45:19Z
401858483,-34.5,56.5,The Odds API · median of 8 US books,2026-10-07T20:45:24Z,2026-10-07T20:45:19Z
401860902,-14.5,53.5,The Odds API · median of 9 US books,2026-10-07T20:45:24Z,2026-10-07T20:45:19Z
401869943,-3.0,58.5,The Odds API · median of 9 US books,2026-10-07T20:45:24Z,2026-10-07T20:45:19Z
401856715,8.5,51.5,The Odds API · median of 9 US books,2026-10-07T20:45:24Z,2026-10-07T20:45:19Z
401862798,-14.0,53.0,The Odds API · median of 9 US books,2026-10-07T20:45:24Z,2026-10-07T20:45:19Z
401864517,9.5,49.5,The Odds API · median of 9 US books,2026-10-07T20:45:24Z,2026-10-07T20:45:19Z
401864518,3.0,47.5,The Odds API · median of 9 US books,2026-10-07T20:45:24Z,2026-10-07T20:45:19Z
401864516,7.5,46.5,The Odds API · median of 9 US books,2026-10-07T20:45:24Z,2026-10-07T20:45:19Z
401856712,-1.5,52.0,The Odds API · median of 9 US books,2026-10-07T20:45:24Z,2026-10-07T20:45:19Z
401869949,7.5,52.0,The Odds API · median of 9 US books,2026-10-07T20:45:24Z,2026-10-07T20:45:19Z
401869965,-3.0,47.5,The Odds API · median of 9 US books,2026-10-07T20:45:24Z,2026-10-07T20:45:19Z
401858485,-1.5,54.5,The Odds API · median of 9 US books,2026-10-07T20:45:24Z,2026-10-07T20:45:19Z
401858258,-9.5,50.0,The Odds API · median of 9 US books,2026-10-07T20:45:24Z,2026-10-07T20:45:19Z
401858486,2.5,50.5,The Odds API · median of 9 US books,2026-10-07T20:45:24Z,2026-10-07T20:45:19Z
401856827,-15.5,51.0,The Odds API · median of 8 US books,2026-10-07T20:45:24Z,2026-10-07T20:45:19Z
401856808,-20.5,50.0,The Odds API · median of 9 US books,2026-10-07T20:45:24Z,2026-10-07T20:45:19Z
401860901,6.5,48.5,The Odds API · median of 9 US books,2026-10-07T20:45:24Z,2026-10-07T20:45:19Z
