game_id,home_spread,total,source,fetched_at,frozen_at
2026_05_TB_DAL,-8.5,47.5,The Odds API · median of 9 US books,2026-10-07T12:47:14Z,2026-10-07T12:51:47Z
2026_05_PHI_JAX,-7.5,41.5,The Odds API · median of 9 US books,2026-10-07T12:47:14Z,2026-10-07T12:51:47Z
2026_05_CHI_GB,3.0,45.5,The Odds API · median of 9 US books,2026-10-07T12:47:14Z,2026-10-07T12:51:47Z
2026_05_CIN_MIA,7.0,42.5,The Odds API · median of 9 US books,2026-10-07T12:47:14Z,2026-10-07T12:51:47Z
2026_05_CLE_NYJ,-2.0,40.0,The Odds API · median of 9 US books,2026-10-07T12:47:14Z,2026-10-07T12:51:47Z
2026_05_HOU_TEN,7.5,37.5,The Odds API · median of 9 US books,2026-10-07T12:47:14Z,2026-10-07T12:51:47Z
2026_05_IND_PIT,-2.5,44.5,The Odds API · median of 9 US books,2026-10-07T12:47:14Z,2026-10-07T12:51:47Z
2026_05_LV_NE,-3.5,45.0,The Odds API · median of 9 US books,2026-10-07T12:47:14Z,2026-10-07T12:51:47Z
2026_05_MIN_NO,2.0,42.0,The Odds API · median of 9 US books,2026-10-07T12:47:14Z,2026-10-07T12:51:47Z
2026_05_NYG_WAS,-3.5,43.5,The Odds API · median of 9 US books,2026-10-07T12:47:14Z,2026-10-07T12:51:47Z
2026_05_DEN_LAC,3.5,42.0,The Odds API · median of 9 US books,2026-10-07T12:47:14Z,2026-10-07T12:51:47Z
2026_05_DET_ARI,5.5,54.5,The Odds API · median of 9 US books,2026-10-07T12:47:14Z,2026-10-07T12:51:47Z
2026_05_SF_SEA,-3.0,46.5,The Odds API · median of 9 US books,2026-10-07T12:47:14Z,2026-10-07T12:51:47Z
2026_05_BAL_ATL,-3.5,43.5,The Odds API · median of 9 US books,2026-10-07T12:47:14Z,2026-10-07T12:51:47Z
2026_05_BUF_LA,-3.0,54.5,The Odds API · median of 9 US books,2026-10-07T12:47:14Z,2026-10-07T12:51:47Z
