game_id,season,week,kickoff_utc,away,home,locked_at,line_home_spread,line_total,line_source,line_fetched_at,model_away_pts,model_home_pts,model_home_spread,model_total,spread_pick,spread_pick_line,spread_edge,spread_tier,total_pick,total_edge,total_tier,ratings_file,model_version,home_score,away_score,final,close_home_spread,close_total,close_source,recorded_at,spread_result,total_result,spread_clv,total_clv
2026_05_TB_DAL,2026,5,2026-10-09T00:15:00Z,TB,DAL,2026-10-07T12:51:47Z,-8.5,47.5,The Odds API · median of 9 US books,2026-10-07T12:47:14Z,22.59,25.77,-3.18,48.36,TB,8.5,5.32,3.5+,OVER,0.86,<2,2026_w05.json,epa-ridge-1.0+1528923,,,False,,,,,,,,
2026_05_PHI_JAX,2026,5,2026-10-11T13:30:00Z,PHI,JAX,2026-10-07T12:51:47Z,-7.5,41.5,The Odds API · median of 9 US books,2026-10-07T12:47:14Z,18.33,24.89,-6.56,43.22,PHI,7.5,0.94,<2,OVER,1.72,<2,2026_w05.json,epa-ridge-1.0+1528923,,,False,,,,,,,,
2026_05_CIN_MIA,2026,5,2026-10-11T17:00:00Z,CIN,MIA,2026-10-07T12:51:47Z,7.0,42.5,The Odds API · median of 9 US books,2026-10-07T12:47:14Z,25.06,22.03,3.03,47.09,MIA,7.0,3.97,3.5+,OVER,4.59,3.5+,2026_w05.json,epa-ridge-1.0+1528923,,,False,,,,,,,,
2026_05_LV_NE,2026,5,2026-10-11T17:00:00Z,LV,NE,2026-10-07T12:51:47Z,-3.5,45.0,The Odds API · median of 9 US books,2026-10-07T12:47:14Z,18.92,24.18,-5.26,43.11,NE,-3.5,1.76,<2,UNDER,1.89,<2,2026_w05.json,epa-ridge-1.0+1528923,,,False,,,,,,,,
2026_05_MIN_NO,2026,5,2026-10-11T17:00:00Z,MIN,NO,2026-10-07T12:51:47Z,2.0,42.0,The Odds API · median of 9 US books,2026-10-07T12:47:14Z,20.27,20.01,0.26,40.28,NO,2.0,1.74,<2,UNDER,1.72,<2,2026_w05.json,epa-ridge-1.0+1528923,,,False,,,,,,,,
2026_05_CLE_NYJ,2026,5,2026-10-11T17:00:00Z,CLE,NYJ,2026-10-07T12:51:47Z,-2.0,40.0,The Odds API · median of 9 US books,2026-10-07T12:47:14Z,20.69,20.49,0.21,41.18,CLE,2.0,2.21,2-3.5,OVER,1.18,<2,2026_w05.json,epa-ridge-1.0+1528923,,,False,,,,,,,,
2026_05_IND_PIT,2026,5,2026-10-11T17:00:00Z,IND,PIT,2026-10-07T12:51:47Z,-2.5,44.5,The Odds API · median of 9 US books,2026-10-07T12:47:14Z,21.38,23.7,-2.33,45.08,IND,2.5,0.17,<2,OVER,0.58,<2,2026_w05.json,epa-ridge-1.0+1528923,,,False,,,,,,,,
2026_05_HOU_TEN,2026,5,2026-10-11T17:00:00Z,HOU,TEN,2026-10-07T12:51:47Z,7.5,37.5,The Odds API · median of 9 US books,2026-10-07T12:47:14Z,22.9,19.98,2.93,42.88,TEN,7.5,4.57,3.5+,OVER,5.38,3.5+,2026_w05.json,epa-ridge-1.0+1528923,,,False,,,,,,,,
2026_05_NYG_WAS,2026,5,2026-10-11T17:00:00Z,NYG,WAS,2026-10-07T12:51:47Z,-3.5,43.5,The Odds API · median of 9 US books,2026-10-07T12:47:14Z,20.88,22.43,-1.55,43.32,NYG,3.5,1.95,<2,UNDER,0.18,<2,2026_w05.json,epa-ridge-1.0+1528923,,,False,,,,,,,,
2026_05_DEN_LAC,2026,5,2026-10-11T20:05:00Z,DEN,LAC,2026-10-07T12:51:47Z,3.5,42.0,The Odds API · median of 9 US books,2026-10-07T12:47:14Z,20.82,20.81,0.0,41.63,LAC,3.5,3.5,2-3.5,UNDER,0.37,<2,2026_w05.json,epa-ridge-1.0+1528923,,,False,,,,,,,,
2026_05_DET_ARI,2026,5,2026-10-11T20:25:00Z,DET,ARI,2026-10-07T12:51:47Z,5.5,54.5,The Odds API · median of 9 US books,2026-10-07T12:47:14Z,25.27,26.46,-1.19,51.74,ARI,5.5,6.69,3.5+,UNDER,2.76,2-3.5,2026_w05.json,epa-ridge-1.0+1528923,,,False,,,,,,,,
2026_05_CHI_GB,2026,5,2026-10-11T17:00:00Z,CHI,GB,2026-10-07T12:51:47Z,3.0,45.5,The Odds API · median of 9 US books,2026-10-07T12:47:14Z,25.13,22.42,2.71,47.55,GB,3.0,0.29,<2,OVER,2.05,2-3.5,2026_w05.json,epa-ridge-1.0+1528923,,,False,,,,,,,,
2026_05_SF_SEA,2026,5,2026-10-11T20:25:00Z,SF,SEA,2026-10-07T12:51:47Z,-3.0,46.5,The Odds API · median of 9 US books,2026-10-07T12:47:14Z,22.38,24.72,-2.33,47.1,SF,3.0,0.67,<2,OVER,0.6,<2,2026_w05.json,epa-ridge-1.0+1528923,,,False,,,,,,,,
2026_05_BAL_ATL,2026,5,2026-10-12T00:20:00Z,BAL,ATL,2026-10-07T12:51:47Z,-3.5,43.5,The Odds API · median of 9 US books,2026-10-07T12:47:14Z,22.34,22.29,0.05,44.64,BAL,3.5,3.55,3.5+,OVER,1.14,<2,2026_w05.json,epa-ridge-1.0+1528923,,,False,,,,,,,,
2026_05_BUF_LA,2026,5,2026-10-13T00:15:00Z,BUF,LA,2026-10-07T12:51:47Z,-3.0,54.5,The Odds API · median of 9 US books,2026-10-07T12:47:14Z,23.44,27.26,-3.81,50.7,LA,-3.0,0.81,<2,UNDER,3.8,3.5+,2026_w05.json,epa-ridge-1.0+1528923,,,False,,,,,,,,
